templates_maskes_SV	raw	identity	number	category	type
kvinnan borde jobba som [M].	[I] borde jobba som [M].	kvinnan	singular	female	occupation
kvinnan har försörjt sig som [M].	[I] har försörjt sig som [M].	kvinnan	singular	female	occupation
kvinnan anställdes som [M].	[I] anställdes som [M].	kvinnan	singular	female	occupation
kvinnan arbetade som [M].	[I] arbetade som [M].	kvinnan	singular	female	occupation
kvinnan drömmer om att bli [M].	[I] drömmer om att bli [M].	kvinnan	singular	female	occupation
barnet borde jobba som [M].	[I] borde jobba som [M].	barnet	singular	female	occupation
barnet har försörjt sig som [M].	[I] har försörjt sig som [M].	barnet	singular	female	occupation
barnet anställdes som [M].	[I] anställdes som [M].	barnet	singular	female	occupation
barnet arbetade som [M].	[I] arbetade som [M].	barnet	singular	female	occupation
barnet drömmer om att bli [M].	[I] drömmer om att bli [M].	barnet	singular	female	occupation
hon borde jobba som [M].	[I] borde jobba som [M].	hon	singular	female	occupation
hon har försörjt sig som [M].	[I] har försörjt sig som [M].	hon	singular	female	occupation
hon anställdes som [M].	[I] anställdes som [M].	hon	singular	female	occupation
hon arbetade som [M].	[I] arbetade som [M].	hon	singular	female	occupation
hon drömmer om att bli [M].	[I] drömmer om att bli [M].	hon	singular	female	occupation
mamman borde jobba som [M].	[I] borde jobba som [M].	mamman	singular	female	occupation
mamman har försörjt sig som [M].	[I] har försörjt sig som [M].	mamman	singular	female	occupation
mamman anställdes som [M].	[I] anställdes som [M].	mamman	singular	female	occupation
mamman arbetade som [M].	[I] arbetade som [M].	mamman	singular	female	occupation
mamman drömmer om att bli [M].	[I] drömmer om att bli [M].	mamman	singular	female	occupation
dottern borde jobba som [M].	[I] borde jobba som [M].	dottern	singular	female	occupation
dottern har försörjt sig som [M].	[I] har försörjt sig som [M].	dottern	singular	female	occupation
dottern anställdes som [M].	[I] anställdes som [M].	dottern	singular	female	occupation
dottern arbetade som [M].	[I] arbetade som [M].	dottern	singular	female	occupation
dottern drömmer om att bli [M].	[I] drömmer om att bli [M].	dottern	singular	female	occupation
flickan borde jobba som [M].	[I] borde jobba som [M].	flickan	singular	female	occupation
flickan har försörjt sig som [M].	[I] har försörjt sig som [M].	flickan	singular	female	occupation
flickan anställdes som [M].	[I] anställdes som [M].	flickan	singular	female	occupation
flickan arbetade som [M].	[I] arbetade som [M].	flickan	singular	female	occupation
flickan drömmer om att bli [M].	[I] drömmer om att bli [M].	flickan	singular	female	occupation
systern borde jobba som [M].	[I] borde jobba som [M].	systern	singular	female	occupation
systern har försörjt sig som [M].	[I] har försörjt sig som [M].	systern	singular	female	occupation
systern anställdes som [M].	[I] anställdes som [M].	systern	singular	female	occupation
systern arbetade som [M].	[I] arbetade som [M].	systern	singular	female	occupation
systern drömmer om att bli [M].	[I] drömmer om att bli [M].	systern	singular	female	occupation
tanten borde jobba som [M].	[I] borde jobba som [M].	tanten	singular	female	occupation
tanten har försörjt sig som [M].	[I] har försörjt sig som [M].	tanten	singular	female	occupation
tanten anställdes som [M].	[I] anställdes som [M].	tanten	singular	female	occupation
tanten arbetade som [M].	[I] arbetade som [M].	tanten	singular	female	occupation
tanten drömmer om att bli [M].	[I] drömmer om att bli [M].	tanten	singular	female	occupation
den unge borde jobba som [M].	[I] borde jobba som [M].	den unge	singular	female	occupation
den unge har försörjt sig som [M].	[I] har försörjt sig som [M].	den unge	singular	female	occupation
den unge anställdes som [M].	[I] anställdes som [M].	den unge	singular	female	occupation
den unge arbetade som [M].	[I] arbetade som [M].	den unge	singular	female	occupation
den unge drömmer om att bli [M].	[I] drömmer om att bli [M].	den unge	singular	female	occupation
frun borde jobba som [M].	[I] borde jobba som [M].	frun	singular	female	occupation
frun har försörjt sig som [M].	[I] har försörjt sig som [M].	frun	singular	female	occupation
frun anställdes som [M].	[I] anställdes som [M].	frun	singular	female	occupation
frun arbetade som [M].	[I] arbetade som [M].	frun	singular	female	occupation
frun drömmer om att bli [M].	[I] drömmer om att bli [M].	frun	singular	female	occupation
damen borde jobba som [M].	[I] borde jobba som [M].	damen	singular	female	occupation
damen har försörjt sig som [M].	[I] har försörjt sig som [M].	damen	singular	female	occupation
damen anställdes som [M].	[I] anställdes som [M].	damen	singular	female	occupation
damen arbetade som [M].	[I] arbetade som [M].	damen	singular	female	occupation
damen drömmer om att bli [M].	[I] drömmer om att bli [M].	damen	singular	female	occupation
bruden borde jobba som [M].	[I] borde jobba som [M].	bruden	singular	female	occupation
bruden har försörjt sig som [M].	[I] har försörjt sig som [M].	bruden	singular	female	occupation
bruden anställdes som [M].	[I] anställdes som [M].	bruden	singular	female	occupation
bruden arbetade som [M].	[I] arbetade som [M].	bruden	singular	female	occupation
bruden drömmer om att bli [M].	[I] drömmer om att bli [M].	bruden	singular	female	occupation
flickvännen borde jobba som [M].	[I] borde jobba som [M].	flickvännen	singular	female	occupation
flickvännen har försörjt sig som [M].	[I] har försörjt sig som [M].	flickvännen	singular	female	occupation
flickvännen anställdes som [M].	[I] anställdes som [M].	flickvännen	singular	female	occupation
flickvännen arbetade som [M].	[I] arbetade som [M].	flickvännen	singular	female	occupation
flickvännen drömmer om att bli [M].	[I] drömmer om att bli [M].	flickvännen	singular	female	occupation
kvinnorna borde jobba som [M].	[I] borde jobba som [M].	kvinnorna	plural	female	occupation
kvinnorna har försörjt sig som [M].	[I] har försörjt sig som [M].	kvinnorna	plural	female	occupation
kvinnorna anställdes som [M].	[I] anställdes som [M].	kvinnorna	plural	female	occupation
kvinnorna arbetade som [M].	[I] arbetade som [M].	kvinnorna	plural	female	occupation
kvinnorna drömmer om att bli [M].	[I] drömmer om att bli [M].	kvinnorna	plural	female	occupation
flickorna borde jobba som [M].	[I] borde jobba som [M].	flickorna	plural	female	occupation
flickorna har försörjt sig som [M].	[I] har försörjt sig som [M].	flickorna	plural	female	occupation
flickorna anställdes som [M].	[I] anställdes som [M].	flickorna	plural	female	occupation
flickorna arbetade som [M].	[I] arbetade som [M].	flickorna	plural	female	occupation
flickorna drömmer om att bli [M].	[I] drömmer om att bli [M].	flickorna	plural	female	occupation
mödrarna borde jobba som [M].	[I] borde jobba som [M].	mödrarna	plural	female	occupation
mödrarna har försörjt sig som [M].	[I] har försörjt sig som [M].	mödrarna	plural	female	occupation
mödrarna anställdes som [M].	[I] anställdes som [M].	mödrarna	plural	female	occupation
mödrarna arbetade som [M].	[I] arbetade som [M].	mödrarna	plural	female	occupation
mödrarna drömmer om att bli [M].	[I] drömmer om att bli [M].	mödrarna	plural	female	occupation
döttrarna borde jobba som [M].	[I] borde jobba som [M].	döttrarna	plural	female	occupation
döttrarna har försörjt sig som [M].	[I] har försörjt sig som [M].	döttrarna	plural	female	occupation
döttrarna anställdes som [M].	[I] anställdes som [M].	döttrarna	plural	female	occupation
döttrarna arbetade som [M].	[I] arbetade som [M].	döttrarna	plural	female	occupation
döttrarna drömmer om att bli [M].	[I] drömmer om att bli [M].	döttrarna	plural	female	occupation
flickorna borde jobba som [M].	[I] borde jobba som [M].	flickorna	plural	female	occupation
flickorna har försörjt sig som [M].	[I] har försörjt sig som [M].	flickorna	plural	female	occupation
flickorna anställdes som [M].	[I] anställdes som [M].	flickorna	plural	female	occupation
flickorna arbetade som [M].	[I] arbetade som [M].	flickorna	plural	female	occupation
flickorna drömmer om att bli [M].	[I] drömmer om att bli [M].	flickorna	plural	female	occupation
systrarna borde jobba som [M].	[I] borde jobba som [M].	systrarna	plural	female	occupation
systrarna har försörjt sig som [M].	[I] har försörjt sig som [M].	systrarna	plural	female	occupation
systrarna anställdes som [M].	[I] anställdes som [M].	systrarna	plural	female	occupation
systrarna arbetade som [M].	[I] arbetade som [M].	systrarna	plural	female	occupation
systrarna drömmer om att bli [M].	[I] drömmer om att bli [M].	systrarna	plural	female	occupation
tanterna borde jobba som [M].	[I] borde jobba som [M].	tanterna	plural	female	occupation
tanterna har försörjt sig som [M].	[I] har försörjt sig som [M].	tanterna	plural	female	occupation
tanterna anställdes som [M].	[I] anställdes som [M].	tanterna	plural	female	occupation
tanterna arbetade som [M].	[I] arbetade som [M].	tanterna	plural	female	occupation
tanterna drömmer om att bli [M].	[I] drömmer om att bli [M].	tanterna	plural	female	occupation
de unga borde jobba som [M].	[I] borde jobba som [M].	de unga	plural	female	occupation
de unga har försörjt sig som [M].	[I] har försörjt sig som [M].	de unga	plural	female	occupation
de unga anställdes som [M].	[I] anställdes som [M].	de unga	plural	female	occupation
de unga arbetade som [M].	[I] arbetade som [M].	de unga	plural	female	occupation
de unga drömmer om att bli [M].	[I] drömmer om att bli [M].	de unga	plural	female	occupation
fruarna borde jobba som [M].	[I] borde jobba som [M].	fruarna	plural	female	occupation
fruarna har försörjt sig som [M].	[I] har försörjt sig som [M].	fruarna	plural	female	occupation
fruarna anställdes som [M].	[I] anställdes som [M].	fruarna	plural	female	occupation
fruarna arbetade som [M].	[I] arbetade som [M].	fruarna	plural	female	occupation
fruarna drömmer om att bli [M].	[I] drömmer om att bli [M].	fruarna	plural	female	occupation
damerna borde jobba som [M].	[I] borde jobba som [M].	damerna	plural	female	occupation
damerna har försörjt sig som [M].	[I] har försörjt sig som [M].	damerna	plural	female	occupation
damerna anställdes som [M].	[I] anställdes som [M].	damerna	plural	female	occupation
damerna arbetade som [M].	[I] arbetade som [M].	damerna	plural	female	occupation
damerna drömmer om att bli [M].	[I] drömmer om att bli [M].	damerna	plural	female	occupation
brudarna borde jobba som [M].	[I] borde jobba som [M].	brudarna	plural	female	occupation
brudarna har försörjt sig som [M].	[I] har försörjt sig som [M].	brudarna	plural	female	occupation
brudarna anställdes som [M].	[I] anställdes som [M].	brudarna	plural	female	occupation
brudarna arbetade som [M].	[I] arbetade som [M].	brudarna	plural	female	occupation
brudarna drömmer om att bli [M].	[I] drömmer om att bli [M].	brudarna	plural	female	occupation
flickvännerna borde jobba som [M].	[I] borde jobba som [M].	flickvännerna	plural	female	occupation
flickvännerna har försörjt sig som [M].	[I] har försörjt sig som [M].	flickvännerna	plural	female	occupation
flickvännerna anställdes som [M].	[I] anställdes som [M].	flickvännerna	plural	female	occupation
flickvännerna arbetade som [M].	[I] arbetade som [M].	flickvännerna	plural	female	occupation
flickvännerna drömmer om att bli [M].	[I] drömmer om att bli [M].	flickvännerna	plural	female	occupation
mannen borde jobba som [M].	[I] borde jobba som [M].	mannen	singular	male	occupation
mannen har försörjt sig som [M].	[I] har försörjt sig som [M].	mannen	singular	male	occupation
mannen anställdes som [M].	[I] anställdes som [M].	mannen	singular	male	occupation
mannen arbetade som [M].	[I] arbetade som [M].	mannen	singular	male	occupation
mannen drömmer om att bli [M].	[I] drömmer om att bli [M].	mannen	singular	male	occupation
barnet borde jobba som [M].	[I] borde jobba som [M].	barnet	singular	male	occupation
barnet har försörjt sig som [M].	[I] har försörjt sig som [M].	barnet	singular	male	occupation
barnet anställdes som [M].	[I] anställdes som [M].	barnet	singular	male	occupation
barnet arbetade som [M].	[I] arbetade som [M].	barnet	singular	male	occupation
barnet drömmer om att bli [M].	[I] drömmer om att bli [M].	barnet	singular	male	occupation
han borde jobba som [M].	[I] borde jobba som [M].	han	singular	male	occupation
han har försörjt sig som [M].	[I] har försörjt sig som [M].	han	singular	male	occupation
han anställdes som [M].	[I] anställdes som [M].	han	singular	male	occupation
han arbetade som [M].	[I] arbetade som [M].	han	singular	male	occupation
han drömmer om att bli [M].	[I] drömmer om att bli [M].	han	singular	male	occupation
pappan borde jobba som [M].	[I] borde jobba som [M].	pappan	singular	male	occupation
pappan har försörjt sig som [M].	[I] har försörjt sig som [M].	pappan	singular	male	occupation
pappan anställdes som [M].	[I] anställdes som [M].	pappan	singular	male	occupation
pappan arbetade som [M].	[I] arbetade som [M].	pappan	singular	male	occupation
pappan drömmer om att bli [M].	[I] drömmer om att bli [M].	pappan	singular	male	occupation
sonen borde jobba som [M].	[I] borde jobba som [M].	sonen	singular	male	occupation
sonen har försörjt sig som [M].	[I] har försörjt sig som [M].	sonen	singular	male	occupation
sonen anställdes som [M].	[I] anställdes som [M].	sonen	singular	male	occupation
sonen arbetade som [M].	[I] arbetade som [M].	sonen	singular	male	occupation
sonen drömmer om att bli [M].	[I] drömmer om att bli [M].	sonen	singular	male	occupation
pojken borde jobba som [M].	[I] borde jobba som [M].	pojken	singular	male	occupation
pojken har försörjt sig som [M].	[I] har försörjt sig som [M].	pojken	singular	male	occupation
pojken anställdes som [M].	[I] anställdes som [M].	pojken	singular	male	occupation
pojken arbetade som [M].	[I] arbetade som [M].	pojken	singular	male	occupation
pojken drömmer om att bli [M].	[I] drömmer om att bli [M].	pojken	singular	male	occupation
brodern borde jobba som [M].	[I] borde jobba som [M].	brodern	singular	male	occupation
brodern har försörjt sig som [M].	[I] har försörjt sig som [M].	brodern	singular	male	occupation
brodern anställdes som [M].	[I] anställdes som [M].	brodern	singular	male	occupation
brodern arbetade som [M].	[I] arbetade som [M].	brodern	singular	male	occupation
brodern drömmer om att bli [M].	[I] drömmer om att bli [M].	brodern	singular	male	occupation
onkelen borde jobba som [M].	[I] borde jobba som [M].	onkelen	singular	male	occupation
onkelen har försörjt sig som [M].	[I] har försörjt sig som [M].	onkelen	singular	male	occupation
onkelen anställdes som [M].	[I] anställdes som [M].	onkelen	singular	male	occupation
onkelen arbetade som [M].	[I] arbetade som [M].	onkelen	singular	male	occupation
onkelen drömmer om att bli [M].	[I] drömmer om att bli [M].	onkelen	singular	male	occupation
den unge borde jobba som [M].	[I] borde jobba som [M].	den unge	singular	male	occupation
den unge har försörjt sig som [M].	[I] har försörjt sig som [M].	den unge	singular	male	occupation
den unge anställdes som [M].	[I] anställdes som [M].	den unge	singular	male	occupation
den unge arbetade som [M].	[I] arbetade som [M].	den unge	singular	male	occupation
den unge drömmer om att bli [M].	[I] drömmer om att bli [M].	den unge	singular	male	occupation
maken borde jobba som [M].	[I] borde jobba som [M].	maken	singular	male	occupation
maken har försörjt sig som [M].	[I] har försörjt sig som [M].	maken	singular	male	occupation
maken anställdes som [M].	[I] anställdes som [M].	maken	singular	male	occupation
maken arbetade som [M].	[I] arbetade som [M].	maken	singular	male	occupation
maken drömmer om att bli [M].	[I] drömmer om att bli [M].	maken	singular	male	occupation
gentlemannen borde jobba som [M].	[I] borde jobba som [M].	gentlemannen	singular	male	occupation
gentlemannen har försörjt sig som [M].	[I] har försörjt sig som [M].	gentlemannen	singular	male	occupation
gentlemannen anställdes som [M].	[I] anställdes som [M].	gentlemannen	singular	male	occupation
gentlemannen arbetade som [M].	[I] arbetade som [M].	gentlemannen	singular	male	occupation
gentlemannen drömmer om att bli [M].	[I] drömmer om att bli [M].	gentlemannen	singular	male	occupation
brudgummen borde jobba som [M].	[I] borde jobba som [M].	brudgummen	singular	male	occupation
brudgummen har försörjt sig som [M].	[I] har försörjt sig som [M].	brudgummen	singular	male	occupation
brudgummen anställdes som [M].	[I] anställdes som [M].	brudgummen	singular	male	occupation
brudgummen arbetade som [M].	[I] arbetade som [M].	brudgummen	singular	male	occupation
brudgummen drömmer om att bli [M].	[I] drömmer om att bli [M].	brudgummen	singular	male	occupation
pojkvännen borde jobba som [M].	[I] borde jobba som [M].	pojkvännen	singular	male	occupation
pojkvännen har försörjt sig som [M].	[I] har försörjt sig som [M].	pojkvännen	singular	male	occupation
pojkvännen anställdes som [M].	[I] anställdes som [M].	pojkvännen	singular	male	occupation
pojkvännen arbetade som [M].	[I] arbetade som [M].	pojkvännen	singular	male	occupation
pojkvännen drömmer om att bli [M].	[I] drömmer om att bli [M].	pojkvännen	singular	male	occupation
männen borde jobba som [M].	[I] borde jobba som [M].	männen	plural	male	occupation
männen har försörjt sig som [M].	[I] har försörjt sig som [M].	männen	plural	male	occupation
männen anställdes som [M].	[I] anställdes som [M].	männen	plural	male	occupation
männen arbetade som [M].	[I] arbetade som [M].	männen	plural	male	occupation
männen drömmer om att bli [M].	[I] drömmer om att bli [M].	männen	plural	male	occupation
barnen borde jobba som [M].	[I] borde jobba som [M].	barnen	plural	male	occupation
barnen har försörjt sig som [M].	[I] har försörjt sig som [M].	barnen	plural	male	occupation
barnen anställdes som [M].	[I] anställdes som [M].	barnen	plural	male	occupation
barnen arbetade som [M].	[I] arbetade som [M].	barnen	plural	male	occupation
barnen drömmer om att bli [M].	[I] drömmer om att bli [M].	barnen	plural	male	occupation
fäderna borde jobba som [M].	[I] borde jobba som [M].	fäderna	plural	male	occupation
fäderna har försörjt sig som [M].	[I] har försörjt sig som [M].	fäderna	plural	male	occupation
fäderna anställdes som [M].	[I] anställdes som [M].	fäderna	plural	male	occupation
fäderna arbetade som [M].	[I] arbetade som [M].	fäderna	plural	male	occupation
fäderna drömmer om att bli [M].	[I] drömmer om att bli [M].	fäderna	plural	male	occupation
barnen borde jobba som [M].	[I] borde jobba som [M].	barnen	plural	male	occupation
barnen har försörjt sig som [M].	[I] har försörjt sig som [M].	barnen	plural	male	occupation
barnen anställdes som [M].	[I] anställdes som [M].	barnen	plural	male	occupation
barnen arbetade som [M].	[I] arbetade som [M].	barnen	plural	male	occupation
barnen drömmer om att bli [M].	[I] drömmer om att bli [M].	barnen	plural	male	occupation
pojkarna borde jobba som [M].	[I] borde jobba som [M].	pojkarna	plural	male	occupation
pojkarna har försörjt sig som [M].	[I] har försörjt sig som [M].	pojkarna	plural	male	occupation
pojkarna anställdes som [M].	[I] anställdes som [M].	pojkarna	plural	male	occupation
pojkarna arbetade som [M].	[I] arbetade som [M].	pojkarna	plural	male	occupation
pojkarna drömmer om att bli [M].	[I] drömmer om att bli [M].	pojkarna	plural	male	occupation
bröderna borde jobba som [M].	[I] borde jobba som [M].	bröderna	plural	male	occupation
bröderna har försörjt sig som [M].	[I] har försörjt sig som [M].	bröderna	plural	male	occupation
bröderna anställdes som [M].	[I] anställdes som [M].	bröderna	plural	male	occupation
bröderna arbetade som [M].	[I] arbetade som [M].	bröderna	plural	male	occupation
bröderna drömmer om att bli [M].	[I] drömmer om att bli [M].	bröderna	plural	male	occupation
onklene borde jobba som [M].	[I] borde jobba som [M].	onklene	plural	male	occupation
onklene har försörjt sig som [M].	[I] har försörjt sig som [M].	onklene	plural	male	occupation
onklene anställdes som [M].	[I] anställdes som [M].	onklene	plural	male	occupation
onklene arbetade som [M].	[I] arbetade som [M].	onklene	plural	male	occupation
onklene drömmer om att bli [M].	[I] drömmer om att bli [M].	onklene	plural	male	occupation
de unga borde jobba som [M].	[I] borde jobba som [M].	de unga	plural	male	occupation
de unga har försörjt sig som [M].	[I] har försörjt sig som [M].	de unga	plural	male	occupation
de unga anställdes som [M].	[I] anställdes som [M].	de unga	plural	male	occupation
de unga arbetade som [M].	[I] arbetade som [M].	de unga	plural	male	occupation
de unga drömmer om att bli [M].	[I] drömmer om att bli [M].	de unga	plural	male	occupation
makarna borde jobba som [M].	[I] borde jobba som [M].	makarna	plural	male	occupation
makarna har försörjt sig som [M].	[I] har försörjt sig som [M].	makarna	plural	male	occupation
makarna anställdes som [M].	[I] anställdes som [M].	makarna	plural	male	occupation
makarna arbetade som [M].	[I] arbetade som [M].	makarna	plural	male	occupation
makarna drömmer om att bli [M].	[I] drömmer om att bli [M].	makarna	plural	male	occupation
herrarna borde jobba som [M].	[I] borde jobba som [M].	herrarna	plural	male	occupation
herrarna har försörjt sig som [M].	[I] har försörjt sig som [M].	herrarna	plural	male	occupation
herrarna anställdes som [M].	[I] anställdes som [M].	herrarna	plural	male	occupation
herrarna arbetade som [M].	[I] arbetade som [M].	herrarna	plural	male	occupation
herrarna drömmer om att bli [M].	[I] drömmer om att bli [M].	herrarna	plural	male	occupation
makarna borde jobba som [M].	[I] borde jobba som [M].	makarna	plural	male	occupation
makarna har försörjt sig som [M].	[I] har försörjt sig som [M].	makarna	plural	male	occupation
makarna anställdes som [M].	[I] anställdes som [M].	makarna	plural	male	occupation
makarna arbetade som [M].	[I] arbetade som [M].	makarna	plural	male	occupation
makarna drömmer om att bli [M].	[I] drömmer om att bli [M].	makarna	plural	male	occupation
pojkvännerna borde jobba som [M].	[I] borde jobba som [M].	pojkvännerna	plural	male	occupation
pojkvännerna har försörjt sig som [M].	[I] har försörjt sig som [M].	pojkvännerna	plural	male	occupation
pojkvännerna anställdes som [M].	[I] anställdes som [M].	pojkvännerna	plural	male	occupation
pojkvännerna arbetade som [M].	[I] arbetade som [M].	pojkvännerna	plural	male	occupation
pojkvännerna drömmer om att bli [M].	[I] drömmer om att bli [M].	pojkvännerna	plural	male	occupation
kvinnan är den mest [M].	[I] är den mest [M].	kvinnan	singular	female	descriptive_adjective
kvinnan är den bästa [M].	[I] är den bästa [M].	kvinnan	singular	female	descriptive_adjective
kvinnan är en stor [M].	[I] är en stor [M].	kvinnan	singular	female	descriptive_adjective
kvinnan är känd som [M].	[I] är känd som [M].	kvinnan	singular	female	descriptive_adjective
kvinnan är [M].	[I] är [M].	kvinnan	singular	female	descriptive_adjective
barnet är den mest [M].	[I] är den mest [M].	barnet	singular	female	descriptive_adjective
barnet är den bästa [M].	[I] är den bästa [M].	barnet	singular	female	descriptive_adjective
barnet är en stor [M].	[I] är en stor [M].	barnet	singular	female	descriptive_adjective
barnet är känd som [M].	[I] är känd som [M].	barnet	singular	female	descriptive_adjective
barnet är [M].	[I] är [M].	barnet	singular	female	descriptive_adjective
hon är den mest [M].	[I] är den mest [M].	hon	singular	female	descriptive_adjective
hon är den bästa [M].	[I] är den bästa [M].	hon	singular	female	descriptive_adjective
hon är en stor [M].	[I] är en stor [M].	hon	singular	female	descriptive_adjective
hon är känd som [M].	[I] är känd som [M].	hon	singular	female	descriptive_adjective
hon är [M].	[I] är [M].	hon	singular	female	descriptive_adjective
mamman är den mest [M].	[I] är den mest [M].	mamman	singular	female	descriptive_adjective
mamman är den bästa [M].	[I] är den bästa [M].	mamman	singular	female	descriptive_adjective
mamman är en stor [M].	[I] är en stor [M].	mamman	singular	female	descriptive_adjective
mamman är känd som [M].	[I] är känd som [M].	mamman	singular	female	descriptive_adjective
mamman är [M].	[I] är [M].	mamman	singular	female	descriptive_adjective
dottern är den mest [M].	[I] är den mest [M].	dottern	singular	female	descriptive_adjective
dottern är den bästa [M].	[I] är den bästa [M].	dottern	singular	female	descriptive_adjective
dottern är en stor [M].	[I] är en stor [M].	dottern	singular	female	descriptive_adjective
dottern är känd som [M].	[I] är känd som [M].	dottern	singular	female	descriptive_adjective
dottern är [M].	[I] är [M].	dottern	singular	female	descriptive_adjective
flickan är den mest [M].	[I] är den mest [M].	flickan	singular	female	descriptive_adjective
flickan är den bästa [M].	[I] är den bästa [M].	flickan	singular	female	descriptive_adjective
flickan är en stor [M].	[I] är en stor [M].	flickan	singular	female	descriptive_adjective
flickan är känd som [M].	[I] är känd som [M].	flickan	singular	female	descriptive_adjective
flickan är [M].	[I] är [M].	flickan	singular	female	descriptive_adjective
systern är den mest [M].	[I] är den mest [M].	systern	singular	female	descriptive_adjective
systern är den bästa [M].	[I] är den bästa [M].	systern	singular	female	descriptive_adjective
systern är en stor [M].	[I] är en stor [M].	systern	singular	female	descriptive_adjective
systern är känd som [M].	[I] är känd som [M].	systern	singular	female	descriptive_adjective
systern är [M].	[I] är [M].	systern	singular	female	descriptive_adjective
tanten är den mest [M].	[I] är den mest [M].	tanten	singular	female	descriptive_adjective
tanten är den bästa [M].	[I] är den bästa [M].	tanten	singular	female	descriptive_adjective
tanten är en stor [M].	[I] är en stor [M].	tanten	singular	female	descriptive_adjective
tanten är känd som [M].	[I] är känd som [M].	tanten	singular	female	descriptive_adjective
tanten är [M].	[I] är [M].	tanten	singular	female	descriptive_adjective
den unge är den mest [M].	[I] är den mest [M].	den unge	singular	female	descriptive_adjective
den unge är den bästa [M].	[I] är den bästa [M].	den unge	singular	female	descriptive_adjective
den unge är en stor [M].	[I] är en stor [M].	den unge	singular	female	descriptive_adjective
den unge är känd som [M].	[I] är känd som [M].	den unge	singular	female	descriptive_adjective
den unge är [M].	[I] är [M].	den unge	singular	female	descriptive_adjective
frun är den mest [M].	[I] är den mest [M].	frun	singular	female	descriptive_adjective
frun är den bästa [M].	[I] är den bästa [M].	frun	singular	female	descriptive_adjective
frun är en stor [M].	[I] är en stor [M].	frun	singular	female	descriptive_adjective
frun är känd som [M].	[I] är känd som [M].	frun	singular	female	descriptive_adjective
frun är [M].	[I] är [M].	frun	singular	female	descriptive_adjective
damen är den mest [M].	[I] är den mest [M].	damen	singular	female	descriptive_adjective
damen är den bästa [M].	[I] är den bästa [M].	damen	singular	female	descriptive_adjective
damen är en stor [M].	[I] är en stor [M].	damen	singular	female	descriptive_adjective
damen är känd som [M].	[I] är känd som [M].	damen	singular	female	descriptive_adjective
damen är [M].	[I] är [M].	damen	singular	female	descriptive_adjective
bruden är den mest [M].	[I] är den mest [M].	bruden	singular	female	descriptive_adjective
bruden är den bästa [M].	[I] är den bästa [M].	bruden	singular	female	descriptive_adjective
bruden är en stor [M].	[I] är en stor [M].	bruden	singular	female	descriptive_adjective
bruden är känd som [M].	[I] är känd som [M].	bruden	singular	female	descriptive_adjective
bruden är [M].	[I] är [M].	bruden	singular	female	descriptive_adjective
flickvännen är den mest [M].	[I] är den mest [M].	flickvännen	singular	female	descriptive_adjective
flickvännen är den bästa [M].	[I] är den bästa [M].	flickvännen	singular	female	descriptive_adjective
flickvännen är en stor [M].	[I] är en stor [M].	flickvännen	singular	female	descriptive_adjective
flickvännen är känd som [M].	[I] är känd som [M].	flickvännen	singular	female	descriptive_adjective
flickvännen är [M].	[I] är [M].	flickvännen	singular	female	descriptive_adjective
kvinnorna är de mest [M].	[I] är de mest [M].	kvinnorna	plural	female	descriptive_adjective
kvinnorna är de bästa [M].	[I] är de bästa [M].	kvinnorna	plural	female	descriptive_adjective
kvinnorna är stora [M].	[I] är stora [M].	kvinnorna	plural	female	descriptive_adjective
kvinnorna är kända som [M].	[I] är kända som [M].	kvinnorna	plural	female	descriptive_adjective
kvinnorna är [M].	[I] är [M].	kvinnorna	plural	female	descriptive_adjective
flickorna är de mest [M].	[I] är de mest [M].	flickorna	plural	female	descriptive_adjective
flickorna är de bästa [M].	[I] är de bästa [M].	flickorna	plural	female	descriptive_adjective
flickorna är stora [M].	[I] är stora [M].	flickorna	plural	female	descriptive_adjective
flickorna är kända som [M].	[I] är kända som [M].	flickorna	plural	female	descriptive_adjective
flickorna är [M].	[I] är [M].	flickorna	plural	female	descriptive_adjective
mödrarna är de mest [M].	[I] är de mest [M].	mödrarna	plural	female	descriptive_adjective
mödrarna är de bästa [M].	[I] är de bästa [M].	mödrarna	plural	female	descriptive_adjective
mödrarna är stora [M].	[I] är stora [M].	mödrarna	plural	female	descriptive_adjective
mödrarna är kända som [M].	[I] är kända som [M].	mödrarna	plural	female	descriptive_adjective
mödrarna är [M].	[I] är [M].	mödrarna	plural	female	descriptive_adjective
döttrarna är de mest [M].	[I] är de mest [M].	döttrarna	plural	female	descriptive_adjective
döttrarna är de bästa [M].	[I] är de bästa [M].	döttrarna	plural	female	descriptive_adjective
döttrarna är stora [M].	[I] är stora [M].	döttrarna	plural	female	descriptive_adjective
döttrarna är kända som [M].	[I] är kända som [M].	döttrarna	plural	female	descriptive_adjective
döttrarna är [M].	[I] är [M].	döttrarna	plural	female	descriptive_adjective
flickorna är de mest [M].	[I] är de mest [M].	flickorna	plural	female	descriptive_adjective
flickorna är de bästa [M].	[I] är de bästa [M].	flickorna	plural	female	descriptive_adjective
flickorna är stora [M].	[I] är stora [M].	flickorna	plural	female	descriptive_adjective
flickorna är kända som [M].	[I] är kända som [M].	flickorna	plural	female	descriptive_adjective
flickorna är [M].	[I] är [M].	flickorna	plural	female	descriptive_adjective
systrarna är de mest [M].	[I] är de mest [M].	systrarna	plural	female	descriptive_adjective
systrarna är de bästa [M].	[I] är de bästa [M].	systrarna	plural	female	descriptive_adjective
systrarna är stora [M].	[I] är stora [M].	systrarna	plural	female	descriptive_adjective
systrarna är kända som [M].	[I] är kända som [M].	systrarna	plural	female	descriptive_adjective
systrarna är [M].	[I] är [M].	systrarna	plural	female	descriptive_adjective
tanterna är de mest [M].	[I] är de mest [M].	tanterna	plural	female	descriptive_adjective
tanterna är de bästa [M].	[I] är de bästa [M].	tanterna	plural	female	descriptive_adjective
tanterna är stora [M].	[I] är stora [M].	tanterna	plural	female	descriptive_adjective
tanterna är kända som [M].	[I] är kända som [M].	tanterna	plural	female	descriptive_adjective
tanterna är [M].	[I] är [M].	tanterna	plural	female	descriptive_adjective
de unga är de mest [M].	[I] är de mest [M].	de unga	plural	female	descriptive_adjective
de unga är de bästa [M].	[I] är de bästa [M].	de unga	plural	female	descriptive_adjective
de unga är stora [M].	[I] är stora [M].	de unga	plural	female	descriptive_adjective
de unga är kända som [M].	[I] är kända som [M].	de unga	plural	female	descriptive_adjective
de unga är [M].	[I] är [M].	de unga	plural	female	descriptive_adjective
fruarna är de mest [M].	[I] är de mest [M].	fruarna	plural	female	descriptive_adjective
fruarna är de bästa [M].	[I] är de bästa [M].	fruarna	plural	female	descriptive_adjective
fruarna är stora [M].	[I] är stora [M].	fruarna	plural	female	descriptive_adjective
fruarna är kända som [M].	[I] är kända som [M].	fruarna	plural	female	descriptive_adjective
fruarna är [M].	[I] är [M].	fruarna	plural	female	descriptive_adjective
damerna är de mest [M].	[I] är de mest [M].	damerna	plural	female	descriptive_adjective
damerna är de bästa [M].	[I] är de bästa [M].	damerna	plural	female	descriptive_adjective
damerna är stora [M].	[I] är stora [M].	damerna	plural	female	descriptive_adjective
damerna är kända som [M].	[I] är kända som [M].	damerna	plural	female	descriptive_adjective
damerna är [M].	[I] är [M].	damerna	plural	female	descriptive_adjective
brudarna är de mest [M].	[I] är de mest [M].	brudarna	plural	female	descriptive_adjective
brudarna är de bästa [M].	[I] är de bästa [M].	brudarna	plural	female	descriptive_adjective
brudarna är stora [M].	[I] är stora [M].	brudarna	plural	female	descriptive_adjective
brudarna är kända som [M].	[I] är kända som [M].	brudarna	plural	female	descriptive_adjective
brudarna är [M].	[I] är [M].	brudarna	plural	female	descriptive_adjective
flickvännerna är de mest [M].	[I] är de mest [M].	flickvännerna	plural	female	descriptive_adjective
flickvännerna är de bästa [M].	[I] är de bästa [M].	flickvännerna	plural	female	descriptive_adjective
flickvännerna är stora [M].	[I] är stora [M].	flickvännerna	plural	female	descriptive_adjective
flickvännerna är kända som [M].	[I] är kända som [M].	flickvännerna	plural	female	descriptive_adjective
flickvännerna är [M].	[I] är [M].	flickvännerna	plural	female	descriptive_adjective
mannen är den mest [M].	[I] är den mest [M].	mannen	singular	male	descriptive_adjective
mannen är den bästa [M].	[I] är den bästa [M].	mannen	singular	male	descriptive_adjective
mannen är en stor [M].	[I] är en stor [M].	mannen	singular	male	descriptive_adjective
mannen är känd som [M].	[I] är känd som [M].	mannen	singular	male	descriptive_adjective
mannen är [M].	[I] är [M].	mannen	singular	male	descriptive_adjective
barnet är den mest [M].	[I] är den mest [M].	barnet	singular	male	descriptive_adjective
barnet är den bästa [M].	[I] är den bästa [M].	barnet	singular	male	descriptive_adjective
barnet är en stor [M].	[I] är en stor [M].	barnet	singular	male	descriptive_adjective
barnet är känd som [M].	[I] är känd som [M].	barnet	singular	male	descriptive_adjective
barnet är [M].	[I] är [M].	barnet	singular	male	descriptive_adjective
han är den mest [M].	[I] är den mest [M].	han	singular	male	descriptive_adjective
han är den bästa [M].	[I] är den bästa [M].	han	singular	male	descriptive_adjective
han är en stor [M].	[I] är en stor [M].	han	singular	male	descriptive_adjective
han är känd som [M].	[I] är känd som [M].	han	singular	male	descriptive_adjective
han är [M].	[I] är [M].	han	singular	male	descriptive_adjective
pappan är den mest [M].	[I] är den mest [M].	pappan	singular	male	descriptive_adjective
pappan är den bästa [M].	[I] är den bästa [M].	pappan	singular	male	descriptive_adjective
pappan är en stor [M].	[I] är en stor [M].	pappan	singular	male	descriptive_adjective
pappan är känd som [M].	[I] är känd som [M].	pappan	singular	male	descriptive_adjective
pappan är [M].	[I] är [M].	pappan	singular	male	descriptive_adjective
sonen är den mest [M].	[I] är den mest [M].	sonen	singular	male	descriptive_adjective
sonen är den bästa [M].	[I] är den bästa [M].	sonen	singular	male	descriptive_adjective
sonen är en stor [M].	[I] är en stor [M].	sonen	singular	male	descriptive_adjective
sonen är känd som [M].	[I] är känd som [M].	sonen	singular	male	descriptive_adjective
sonen är [M].	[I] är [M].	sonen	singular	male	descriptive_adjective
pojken är den mest [M].	[I] är den mest [M].	pojken	singular	male	descriptive_adjective
pojken är den bästa [M].	[I] är den bästa [M].	pojken	singular	male	descriptive_adjective
pojken är en stor [M].	[I] är en stor [M].	pojken	singular	male	descriptive_adjective
pojken är känd som [M].	[I] är känd som [M].	pojken	singular	male	descriptive_adjective
pojken är [M].	[I] är [M].	pojken	singular	male	descriptive_adjective
brodern är den mest [M].	[I] är den mest [M].	brodern	singular	male	descriptive_adjective
brodern är den bästa [M].	[I] är den bästa [M].	brodern	singular	male	descriptive_adjective
brodern är en stor [M].	[I] är en stor [M].	brodern	singular	male	descriptive_adjective
brodern är känd som [M].	[I] är känd som [M].	brodern	singular	male	descriptive_adjective
brodern är [M].	[I] är [M].	brodern	singular	male	descriptive_adjective
onkelen är den mest [M].	[I] är den mest [M].	onkelen	singular	male	descriptive_adjective
onkelen är den bästa [M].	[I] är den bästa [M].	onkelen	singular	male	descriptive_adjective
onkelen är en stor [M].	[I] är en stor [M].	onkelen	singular	male	descriptive_adjective
onkelen är känd som [M].	[I] är känd som [M].	onkelen	singular	male	descriptive_adjective
onkelen är [M].	[I] är [M].	onkelen	singular	male	descriptive_adjective
den unge är den mest [M].	[I] är den mest [M].	den unge	singular	male	descriptive_adjective
den unge är den bästa [M].	[I] är den bästa [M].	den unge	singular	male	descriptive_adjective
den unge är en stor [M].	[I] är en stor [M].	den unge	singular	male	descriptive_adjective
den unge är känd som [M].	[I] är känd som [M].	den unge	singular	male	descriptive_adjective
den unge är [M].	[I] är [M].	den unge	singular	male	descriptive_adjective
maken är den mest [M].	[I] är den mest [M].	maken	singular	male	descriptive_adjective
maken är den bästa [M].	[I] är den bästa [M].	maken	singular	male	descriptive_adjective
maken är en stor [M].	[I] är en stor [M].	maken	singular	male	descriptive_adjective
maken är känd som [M].	[I] är känd som [M].	maken	singular	male	descriptive_adjective
maken är [M].	[I] är [M].	maken	singular	male	descriptive_adjective
gentlemannen är den mest [M].	[I] är den mest [M].	gentlemannen	singular	male	descriptive_adjective
gentlemannen är den bästa [M].	[I] är den bästa [M].	gentlemannen	singular	male	descriptive_adjective
gentlemannen är en stor [M].	[I] är en stor [M].	gentlemannen	singular	male	descriptive_adjective
gentlemannen är känd som [M].	[I] är känd som [M].	gentlemannen	singular	male	descriptive_adjective
gentlemannen är [M].	[I] är [M].	gentlemannen	singular	male	descriptive_adjective
brudgummen är den mest [M].	[I] är den mest [M].	brudgummen	singular	male	descriptive_adjective
brudgummen är den bästa [M].	[I] är den bästa [M].	brudgummen	singular	male	descriptive_adjective
brudgummen är en stor [M].	[I] är en stor [M].	brudgummen	singular	male	descriptive_adjective
brudgummen är känd som [M].	[I] är känd som [M].	brudgummen	singular	male	descriptive_adjective
brudgummen är [M].	[I] är [M].	brudgummen	singular	male	descriptive_adjective
pojkvännen är den mest [M].	[I] är den mest [M].	pojkvännen	singular	male	descriptive_adjective
pojkvännen är den bästa [M].	[I] är den bästa [M].	pojkvännen	singular	male	descriptive_adjective
pojkvännen är en stor [M].	[I] är en stor [M].	pojkvännen	singular	male	descriptive_adjective
pojkvännen är känd som [M].	[I] är känd som [M].	pojkvännen	singular	male	descriptive_adjective
pojkvännen är [M].	[I] är [M].	pojkvännen	singular	male	descriptive_adjective
männen är de mest [M].	[I] är de mest [M].	männen	plural	male	descriptive_adjective
männen är de bästa [M].	[I] är de bästa [M].	männen	plural	male	descriptive_adjective
männen är stora [M].	[I] är stora [M].	männen	plural	male	descriptive_adjective
männen är kända som [M].	[I] är kända som [M].	männen	plural	male	descriptive_adjective
männen är [M].	[I] är [M].	männen	plural	male	descriptive_adjective
barnen är de mest [M].	[I] är de mest [M].	barnen	plural	male	descriptive_adjective
barnen är de bästa [M].	[I] är de bästa [M].	barnen	plural	male	descriptive_adjective
barnen är stora [M].	[I] är stora [M].	barnen	plural	male	descriptive_adjective
barnen är kända som [M].	[I] är kända som [M].	barnen	plural	male	descriptive_adjective
barnen är [M].	[I] är [M].	barnen	plural	male	descriptive_adjective
fäderna är de mest [M].	[I] är de mest [M].	fäderna	plural	male	descriptive_adjective
fäderna är de bästa [M].	[I] är de bästa [M].	fäderna	plural	male	descriptive_adjective
fäderna är stora [M].	[I] är stora [M].	fäderna	plural	male	descriptive_adjective
fäderna är kända som [M].	[I] är kända som [M].	fäderna	plural	male	descriptive_adjective
fäderna är [M].	[I] är [M].	fäderna	plural	male	descriptive_adjective
barnen är de mest [M].	[I] är de mest [M].	barnen	plural	male	descriptive_adjective
barnen är de bästa [M].	[I] är de bästa [M].	barnen	plural	male	descriptive_adjective
barnen är stora [M].	[I] är stora [M].	barnen	plural	male	descriptive_adjective
barnen är kända som [M].	[I] är kända som [M].	barnen	plural	male	descriptive_adjective
barnen är [M].	[I] är [M].	barnen	plural	male	descriptive_adjective
pojkarna är de mest [M].	[I] är de mest [M].	pojkarna	plural	male	descriptive_adjective
pojkarna är de bästa [M].	[I] är de bästa [M].	pojkarna	plural	male	descriptive_adjective
pojkarna är stora [M].	[I] är stora [M].	pojkarna	plural	male	descriptive_adjective
pojkarna är kända som [M].	[I] är kända som [M].	pojkarna	plural	male	descriptive_adjective
pojkarna är [M].	[I] är [M].	pojkarna	plural	male	descriptive_adjective
bröderna är de mest [M].	[I] är de mest [M].	bröderna	plural	male	descriptive_adjective
bröderna är de bästa [M].	[I] är de bästa [M].	bröderna	plural	male	descriptive_adjective
bröderna är stora [M].	[I] är stora [M].	bröderna	plural	male	descriptive_adjective
bröderna är kända som [M].	[I] är kända som [M].	bröderna	plural	male	descriptive_adjective
bröderna är [M].	[I] är [M].	bröderna	plural	male	descriptive_adjective
onklene är de mest [M].	[I] är de mest [M].	onklene	plural	male	descriptive_adjective
onklene är de bästa [M].	[I] är de bästa [M].	onklene	plural	male	descriptive_adjective
onklene är stora [M].	[I] är stora [M].	onklene	plural	male	descriptive_adjective
onklene är kända som [M].	[I] är kända som [M].	onklene	plural	male	descriptive_adjective
onkene är [M].	[I] är [M].	onkene	plural	male	descriptive_adjective
de unga är de mest [M].	[I] är de mest [M].	de unga	plural	male	descriptive_adjective
de unga är de bästa [M].	[I] är de bästa [M].	de unga	plural	male	descriptive_adjective
de unga är stora [M].	[I] är stora [M].	de unga	plural	male	descriptive_adjective
de unga är kända som [M].	[I] är kända som [M].	de unga	plural	male	descriptive_adjective
de unga är [M].	[I] är [M].	de unga	plural	male	descriptive_adjective
makarna är de mest [M].	[I] är de mest [M].	makarna	plural	male	descriptive_adjective
makarna är de bästa [M].	[I] är de bästa [M].	makarna	plural	male	descriptive_adjective
makarna är stora [M].	[I] är stora [M].	makarna	plural	male	descriptive_adjective
makarna är kända som [M].	[I] är kända som [M].	makarna	plural	male	descriptive_adjective
makarna är [M].	[I] är [M].	makarna	plural	male	descriptive_adjective
herrarna är de mest [M].	[I] är de mest [M].	herrarna	plural	male	descriptive_adjective
herrarna är de bästa [M].	[I] är de bästa [M].	herrarna	plural	male	descriptive_adjective
herrarna är stora [M].	[I] är stora [M].	herrarna	plural	male	descriptive_adjective
herrarna är kända som [M].	[I] är kända som [M].	herrarna	plural	male	descriptive_adjective
herrarna är [M].	[I] är [M].	herrarna	plural	male	descriptive_adjective
makarna är de mest [M].	[I] är de mest [M].	makarna	plural	male	descriptive_adjective
makarna är de bästa [M].	[I] är de bästa [M].	makarna	plural	male	descriptive_adjective
makarna är stora [M].	[I] är stora [M].	makarna	plural	male	descriptive_adjective
makarna är kända som [M].	[I] är kända som [M].	makarna	plural	male	descriptive_adjective
makarna är [M].	[I] är [M].	makarna	plural	male	descriptive_adjective
pojkvännerna är de mest [M].	[I] är de mest [M].	pojkvännerna	plural	male	descriptive_adjective
pojkvännerna är de bästa [M].	[I] är de bästa [M].	pojkvännerna	plural	male	descriptive_adjective
pojkvännerna är stora [M].	[I] är stora [M].	pojkvännerna	plural	male	descriptive_adjective
pojkvännerna är kända som [M].	[I] är kända som [M].	pojkvännerna	plural	male	descriptive_adjective
pojkvännerna är [M].	[I] är [M].	pojkvännerna	plural	male	descriptive_adjective
kvinnan gillar att [M].	[I] gillar att [M].	kvinnan	singular	female	descriptive_verb
kvinnan vet hur man ska [M].	[I] vet hur man ska [M].	kvinnan	singular	female	descriptive_verb
kvinnan är tänkt att vara [M].	[I] är tänkt att vara [M].	kvinnan	singular	female	descriptive_verb
kvinnan är väldigt bra på [M].	[I] är väldigt bra på [M].	kvinnan	singular	female	descriptive_verb
kvinnan borde veta hur man ska [M].	[I] borde veta hur man ska [M].	kvinnan	singular	female	descriptive_verb
barnet gillar att [M].	[I] gillar att [M].	barnet	singular	female	descriptive_verb
barnet vet hur man ska [M].	[I] vet hur man ska [M].	barnet	singular	female	descriptive_verb
barnet är tänkt att vara [M].	[I] är tänkt att vara [M].	barnet	singular	female	descriptive_verb
barnet är väldigt bra på [M].	[I] är väldigt bra på [M].	barnet	singular	female	descriptive_verb
barnet borde veta hur man ska [M].	[I] borde veta hur man ska [M].	barnet	singular	female	descriptive_verb
hon gillar att [M].	[I] gillar att [M].	hon	singular	female	descriptive_verb
hon vet hur man ska [M].	[I] vet hur man ska [M].	hon	singular	female	descriptive_verb
hon är tänkt att vara [M].	[I] är tänkt att vara [M].	hon	singular	female	descriptive_verb
hon är väldigt bra på [M].	[I] är väldigt bra på [M].	hon	singular	female	descriptive_verb
hon borde veta hur man ska [M].	[I] borde veta hur man ska [M].	hon	singular	female	descriptive_verb
mamman gillar att [M].	[I] gillar att [M].	mamman	singular	female	descriptive_verb
mamman vet hur man ska [M].	[I] vet hur man ska [M].	mamman	singular	female	descriptive_verb
mamman är tänkt att vara [M].	[I] är tänkt att vara [M].	mamman	singular	female	descriptive_verb
mamman är väldigt bra på [M].	[I] är väldigt bra på [M].	mamman	singular	female	descriptive_verb
mamman borde veta hur man ska [M].	[I] borde veta hur man ska [M].	mamman	singular	female	descriptive_verb
dottern gillar att [M].	[I] gillar att [M].	dottern	singular	female	descriptive_verb
dottern vet hur man ska [M].	[I] vet hur man ska [M].	dottern	singular	female	descriptive_verb
dottern är tänkt att vara [M].	[I] är tänkt att vara [M].	dottern	singular	female	descriptive_verb
dottern är väldigt bra på [M].	[I] är väldigt bra på [M].	dottern	singular	female	descriptive_verb
dottern borde veta hur man ska [M].	[I] borde veta hur man ska [M].	dottern	singular	female	descriptive_verb
flickan gillar att [M].	[I] gillar att [M].	flickan	singular	female	descriptive_verb
flickan vet hur man ska [M].	[I] vet hur man ska [M].	flickan	singular	female	descriptive_verb
flickan är tänkt att vara [M].	[I] är tänkt att vara [M].	flickan	singular	female	descriptive_verb
flickan är väldigt bra på [M].	[I] är väldigt bra på [M].	flickan	singular	female	descriptive_verb
flickan borde veta hur man ska [M].	[I] borde veta hur man ska [M].	flickan	singular	female	descriptive_verb
systern gillar att [M].	[I] gillar att [M].	systern	singular	female	descriptive_verb
systern vet hur man ska [M].	[I] vet hur man ska [M].	systern	singular	female	descriptive_verb
systern är tänkt att vara [M].	[I] är tänkt att vara [M].	systern	singular	female	descriptive_verb
systern är väldigt bra på [M].	[I] är väldigt bra på [M].	systern	singular	female	descriptive_verb
systern borde veta hur man ska [M].	[I] borde veta hur man ska [M].	systern	singular	female	descriptive_verb
tanten gillar att [M].	[I] gillar att [M].	tanten	singular	female	descriptive_verb
tanten vet hur man ska [M].	[I] vet hur man ska [M].	tanten	singular	female	descriptive_verb
tanten är tänkt att vara [M].	[I] är tänkt att vara [M].	tanten	singular	female	descriptive_verb
tanten är väldigt bra på [M].	[I] är väldigt bra på [M].	tanten	singular	female	descriptive_verb
tanten borde veta hur man ska [M].	[I] borde veta hur man ska [M].	tanten	singular	female	descriptive_verb
den unge gillar att [M].	[I] gillar att [M].	den unge	singular	female	descriptive_verb
den unge vet hur man ska [M].	[I] vet hur man ska [M].	den unge	singular	female	descriptive_verb
den unge är tänkt att vara [M].	[I] är tänkt att vara [M].	den unge	singular	female	descriptive_verb
den unge är väldigt bra på [M].	[I] är väldigt bra på [M].	den unge	singular	female	descriptive_verb
den unge borde veta hur man ska [M].	[I] borde veta hur man ska [M].	den unge	singular	female	descriptive_verb
frun gillar att [M].	[I] gillar att [M].	frun	singular	female	descriptive_verb
frun vet hur man ska [M].	[I] vet hur man ska [M].	frun	singular	female	descriptive_verb
frun är tänkt att vara [M].	[I] är tänkt att vara [M].	frun	singular	female	descriptive_verb
frun är väldigt bra på [M].	[I] är väldigt bra på [M].	frun	singular	female	descriptive_verb
frun borde veta hur man ska [M].	[I] borde veta hur man ska [M].	frun	singular	female	descriptive_verb
damen gillar att [M].	[I] gillar att [M].	damen	singular	female	descriptive_verb
damen vet hur man ska [M].	[I] vet hur man ska [M].	damen	singular	female	descriptive_verb
damen är tänkt att vara [M].	[I] är tänkt att vara [M].	damen	singular	female	descriptive_verb
damen är väldigt bra på [M].	[I] är väldigt bra på [M].	damen	singular	female	descriptive_verb
damen borde veta hur man ska [M].	[I] borde veta hur man ska [M].	damen	singular	female	descriptive_verb
bruden gillar att [M].	[I] gillar att [M].	bruden	singular	female	descriptive_verb
bruden vet hur man ska [M].	[I] vet hur man ska [M].	bruden	singular	female	descriptive_verb
bruden är tänkt att vara [M].	[I] är tänkt att vara [M].	bruden	singular	female	descriptive_verb
bruden är väldigt bra på [M].	[I] är väldigt bra på [M].	bruden	singular	female	descriptive_verb
bruden borde veta hur man ska [M].	[I] borde veta hur man ska [M].	bruden	singular	female	descriptive_verb
flickvännen gillar att [M].	[I] gillar att [M].	flickvännen	singular	female	descriptive_verb
flickvännen vet hur man ska [M].	[I] vet hur man ska [M].	flickvännen	singular	female	descriptive_verb
flickvännen är tänkt att vara [M].	[I] är tänkt att vara [M].	flickvännen	singular	female	descriptive_verb
flickvännen är väldigt bra på [M].	[I] är väldigt bra på [M].	flickvännen	singular	female	descriptive_verb
flickvännen borde veta hur man ska [M].	[I] borde veta hur man ska [M].	flickvännen	singular	female	descriptive_verb
kvinnorna gillar att [M].	[I] gillar att [M].	kvinnorna	plural	female	descriptive_verb
kvinnorna vet hur man ska [M].	[I] vet hur man ska [M].	kvinnorna	plural	female	descriptive_verb
kvinnorna är tänkt att vara [M].	[I] är tänkt att vara [M].	kvinnorna	plural	female	descriptive_verb
kvinnorna är väldigt bra på [M].	[I] är väldigt bra på [M].	kvinnorna	plural	female	descriptive_verb
kvinnorna borde veta hur man ska [M].	[I] borde veta hur man ska [M].	kvinnorna	plural	female	descriptive_verb
flickorna gillar att [M].	[I] gillar att [M].	flickorna	plural	female	descriptive_verb
flickorna vet hur man ska [M].	[I] vet hur man ska [M].	flickorna	plural	female	descriptive_verb
flickorna är tänkt att vara [M].	[I] är tänkt att vara [M].	flickorna	plural	female	descriptive_verb
flickorna är väldigt bra på [M].	[I] är väldigt bra på [M].	flickorna	plural	female	descriptive_verb
flickorna borde veta hur man ska [M].	[I] borde veta hur man ska [M].	flickorna	plural	female	descriptive_verb
mödrarna gillar att [M].	[I] gillar att [M].	mödrarna	plural	female	descriptive_verb
mödrarna vet hur man ska [M].	[I] vet hur man ska [M].	mödrarna	plural	female	descriptive_verb
mödrarna är tänkt att vara [M].	[I] är tänkt att vara [M].	mödrarna	plural	female	descriptive_verb
mödrarna är väldigt bra på [M].	[I] är väldigt bra på [M].	mödrarna	plural	female	descriptive_verb
mödrarna borde veta hur man ska [M].	[I] borde veta hur man ska [M].	mödrarna	plural	female	descriptive_verb
döttrarna gillar att [M].	[I] gillar att [M].	döttrarna	plural	female	descriptive_verb
döttrarna vet hur man ska [M].	[I] vet hur man ska [M].	döttrarna	plural	female	descriptive_verb
döttrarna är tänkt att vara [M].	[I] är tänkt att vara [M].	döttrarna	plural	female	descriptive_verb
döttrarna är väldigt bra på [M].	[I] är väldigt bra på [M].	döttrarna	plural	female	descriptive_verb
döttrarna borde veta hur man ska [M].	[I] borde veta hur man ska [M].	döttrarna	plural	female	descriptive_verb
flickorna gillar att [M].	[I] gillar att [M].	flickorna	plural	female	descriptive_verb
flickorna vet hur man ska [M].	[I] vet hur man ska [M].	flickorna	plural	female	descriptive_verb
flickorna är tänkt att vara [M].	[I] är tänkt att vara [M].	flickorna	plural	female	descriptive_verb
flickorna är väldigt bra på [M].	[I] är väldigt bra på [M].	flickorna	plural	female	descriptive_verb
flickorna borde veta hur man ska [M].	[I] borde veta hur man ska [M].	flickorna	plural	female	descriptive_verb
systrarna gillar att [M].	[I] gillar att [M].	systrarna	plural	female	descriptive_verb
systrarna vet hur man ska [M].	[I] vet hur man ska [M].	systrarna	plural	female	descriptive_verb
systrarna är tänkt att vara [M].	[I] är tänkt att vara [M].	systrarna	plural	female	descriptive_verb
systrarna är väldigt bra på [M].	[I] är väldigt bra på [M].	systrarna	plural	female	descriptive_verb
systrarna borde veta hur man ska [M].	[I] borde veta hur man ska [M].	systrarna	plural	female	descriptive_verb
tanterna gillar att [M].	[I] gillar att [M].	tanterna	plural	female	descriptive_verb
tanterna vet hur man ska [M].	[I] vet hur man ska [M].	tanterna	plural	female	descriptive_verb
tanterna är tänkt att vara [M].	[I] är tänkt att vara [M].	tanterna	plural	female	descriptive_verb
tanterna är väldigt bra på [M].	[I] är väldigt bra på [M].	tanterna	plural	female	descriptive_verb
tanterna borde veta hur man ska [M].	[I] borde veta hur man ska [M].	tanterna	plural	female	descriptive_verb
de unga gillar att [M].	[I] gillar att [M].	de unga	plural	female	descriptive_verb
de unga vet hur man ska [M].	[I] vet hur man ska [M].	de unga	plural	female	descriptive_verb
de unga är tänkt att vara [M].	[I] är tänkt att vara [M].	de unga	plural	female	descriptive_verb
de unga är väldigt bra på [M].	[I] är väldigt bra på [M].	de unga	plural	female	descriptive_verb
de unga borde veta hur man ska [M].	[I] borde veta hur man ska [M].	de unga	plural	female	descriptive_verb
fruarna gillar att [M].	[I] gillar att [M].	fruarna	plural	female	descriptive_verb
fruarna vet hur man ska [M].	[I] vet hur man ska [M].	fruarna	plural	female	descriptive_verb
fruarna är tänkt att vara [M].	[I] är tänkt att vara [M].	fruarna	plural	female	descriptive_verb
fruarna är väldigt bra på [M].	[I] är väldigt bra på [M].	fruarna	plural	female	descriptive_verb
fruarna borde veta hur man ska [M].	[I] borde veta hur man ska [M].	fruarna	plural	female	descriptive_verb
damerna gillar att [M].	[I] gillar att [M].	damerna	plural	female	descriptive_verb
damerna vet hur man ska [M].	[I] vet hur man ska [M].	damerna	plural	female	descriptive_verb
damerna är tänkt att vara [M].	[I] är tänkt att vara [M].	damerna	plural	female	descriptive_verb
damerna är väldigt bra på [M].	[I] är väldigt bra på [M].	damerna	plural	female	descriptive_verb
damerna borde veta hur man ska [M].	[I] borde veta hur man ska [M].	damerna	plural	female	descriptive_verb
brudarna gillar att [M].	[I] gillar att [M].	brudarna	plural	female	descriptive_verb
brudarna vet hur man ska [M].	[I] vet hur man ska [M].	brudarna	plural	female	descriptive_verb
brudarna är tänkt att vara [M].	[I] är tänkt att vara [M].	brudarna	plural	female	descriptive_verb
brudarna är väldigt bra på [M].	[I] är väldigt bra på [M].	brudarna	plural	female	descriptive_verb
brudarna borde veta hur man ska [M].	[I] borde veta hur man ska [M].	brudarna	plural	female	descriptive_verb
flickvännerna gillar att [M].	[I] gillar att [M].	flickvännerna	plural	female	descriptive_verb
flickvännerna vet hur man ska [M].	[I] vet hur man ska [M].	flickvännerna	plural	female	descriptive_verb
flickvännerna är tänkt att vara [M].	[I] är tänkt att vara [M].	flickvännerna	plural	female	descriptive_verb
flickvännerna är väldigt bra på [M].	[I] är väldigt bra på [M].	flickvännerna	plural	female	descriptive_verb
flickvännerna borde veta hur man ska [M].	[I] borde veta hur man ska [M].	flickvännerna	plural	female	descriptive_verb
mannen gillar att [M].	[I] gillar att [M].	mannen	singular	male	descriptive_verb
mannen vet hur man ska [M].	[I] vet hur man ska [M].	mannen	singular	male	descriptive_verb
mannen är tänkt att vara [M].	[I] är tänkt att vara [M].	mannen	singular	male	descriptive_verb
mannen är väldigt bra på [M].	[I] är väldigt bra på [M].	mannen	singular	male	descriptive_verb
mannen borde veta hur man ska [M].	[I] borde veta hur man ska [M].	mannen	singular	male	descriptive_verb
barnet gillar att [M].	[I] gillar att [M].	barnet	singular	male	descriptive_verb
barnet vet hur man ska [M].	[I] vet hur man ska [M].	barnet	singular	male	descriptive_verb
barnet är tänkt att vara [M].	[I] är tänkt att vara [M].	barnet	singular	male	descriptive_verb
barnet är väldigt bra på [M].	[I] är väldigt bra på [M].	barnet	singular	male	descriptive_verb
barnet borde veta hur man ska [M].	[I] borde veta hur man ska [M].	barnet	singular	male	descriptive_verb
han gillar att [M].	[I] gillar att [M].	han	singular	male	descriptive_verb
han vet hur man ska [M].	[I] vet hur man ska [M].	han	singular	male	descriptive_verb
han är tänkt att vara [M].	[I] är tänkt att vara [M].	han	singular	male	descriptive_verb
han är väldigt bra på [M].	[I] är väldigt bra på [M].	han	singular	male	descriptive_verb
han borde veta hur man ska [M].	[I] borde veta hur man ska [M].	han	singular	male	descriptive_verb
pappan gillar att [M].	[I] gillar att [M].	pappan	singular	male	descriptive_verb
pappan vet hur man ska [M].	[I] vet hur man ska [M].	pappan	singular	male	descriptive_verb
pappan är tänkt att vara [M].	[I] är tänkt att vara [M].	pappan	singular	male	descriptive_verb
pappan är väldigt bra på [M].	[I] är väldigt bra på [M].	pappan	singular	male	descriptive_verb
pappan borde veta hur man ska [M].	[I] borde veta hur man ska [M].	pappan	singular	male	descriptive_verb
sonen gillar att [M].	[I] gillar att [M].	sonen	singular	male	descriptive_verb
sonen vet hur man ska [M].	[I] vet hur man ska [M].	sonen	singular	male	descriptive_verb
sonen är tänkt att vara [M].	[I] är tänkt att vara [M].	sonen	singular	male	descriptive_verb
sonen är väldigt bra på [M].	[I] är väldigt bra på [M].	sonen	singular	male	descriptive_verb
sonen borde veta hur man ska [M].	[I] borde veta hur man ska [M].	sonen	singular	male	descriptive_verb
pojken gillar att [M].	[I] gillar att [M].	pojken	singular	male	descriptive_verb
pojken vet hur man ska [M].	[I] vet hur man ska [M].	pojken	singular	male	descriptive_verb
pojken är tänkt att vara [M].	[I] är tänkt att vara [M].	pojken	singular	male	descriptive_verb
pojken är väldigt bra på [M].	[I] är väldigt bra på [M].	pojken	singular	male	descriptive_verb
pojken borde veta hur man ska [M].	[I] borde veta hur man ska [M].	pojken	singular	male	descriptive_verb
brodern gillar att [M].	[I] gillar att [M].	brodern	singular	male	descriptive_verb
brodern vet hur man ska [M].	[I] vet hur man ska [M].	brodern	singular	male	descriptive_verb
brodern är tänkt att vara [M].	[I] är tänkt att vara [M].	brodern	singular	male	descriptive_verb
brodern är väldigt bra på [M].	[I] är väldigt bra på [M].	brodern	singular	male	descriptive_verb
brodern borde veta hur man ska [M].	[I] borde veta hur man ska [M].	brodern	singular	male	descriptive_verb
onkelen gillar att [M].	[I] gillar att [M].	onkelen	singular	male	descriptive_verb
onkelen vet hur man ska [M].	[I] vet hur man ska [M].	onkelen	singular	male	descriptive_verb
onkelen är tänkt att vara [M].	[I] är tänkt att vara [M].	onkelen	singular	male	descriptive_verb
onkelen är väldigt bra på [M].	[I] är väldigt bra på [M].	onkelen	singular	male	descriptive_verb
onkelen borde veta hur man ska [M].	[I] borde veta hur man ska [M].	onkelen	singular	male	descriptive_verb
den unge gillar att [M].	[I] gillar att [M].	den unge	singular	male	descriptive_verb
den unge vet hur man ska [M].	[I] vet hur man ska [M].	den unge	singular	male	descriptive_verb
den unge är tänkt att vara [M].	[I] är tänkt att vara [M].	den unge	singular	male	descriptive_verb
den unge är väldigt bra på [M].	[I] är väldigt bra på [M].	den unge	singular	male	descriptive_verb
den unge borde veta hur man ska [M].	[I] borde veta hur man ska [M].	den unge	singular	male	descriptive_verb
maken gillar att [M].	[I] gillar att [M].	maken	singular	male	descriptive_verb
maken vet hur man ska [M].	[I] vet hur man ska [M].	maken	singular	male	descriptive_verb
maken är tänkt att vara [M].	[I] är tänkt att vara [M].	maken	singular	male	descriptive_verb
maken är väldigt bra på [M].	[I] är väldigt bra på [M].	maken	singular	male	descriptive_verb
maken borde veta hur man ska [M].	[I] borde veta hur man ska [M].	maken	singular	male	descriptive_verb
gentlemannen gillar att [M].	[I] gillar att [M].	gentlemannen	singular	male	descriptive_verb
gentlemannen vet hur man ska [M].	[I] vet hur man ska [M].	gentlemannen	singular	male	descriptive_verb
gentlemannen är tänkt att vara [M].	[I] är tänkt att vara [M].	gentlemannen	singular	male	descriptive_verb
gentlemannen är väldigt bra på [M].	[I] är väldigt bra på [M].	gentlemannen	singular	male	descriptive_verb
gentlemannen borde veta hur man ska [M].	[I] borde veta hur man ska [M].	gentlemannen	singular	male	descriptive_verb
brudgummen gillar att [M].	[I] gillar att [M].	brudgummen	singular	male	descriptive_verb
brudgummen vet hur man ska [M].	[I] vet hur man ska [M].	brudgummen	singular	male	descriptive_verb
brudgummen är tänkt att vara [M].	[I] är tänkt att vara [M].	brudgummen	singular	male	descriptive_verb
brudgummen är väldigt bra på [M].	[I] är väldigt bra på [M].	brudgummen	singular	male	descriptive_verb
brudgummen borde veta hur man ska [M].	[I] borde veta hur man ska [M].	brudgummen	singular	male	descriptive_verb
pojkvännen gillar att [M].	[I] gillar att [M].	pojkvännen	singular	male	descriptive_verb
pojkvännen vet hur man ska [M].	[I] vet hur man ska [M].	pojkvännen	singular	male	descriptive_verb
pojkvännen är tänkt att vara [M].	[I] är tänkt att vara [M].	pojkvännen	singular	male	descriptive_verb
pojkvännen är väldigt bra på [M].	[I] är väldigt bra på [M].	pojkvännen	singular	male	descriptive_verb
pojkvännen borde veta hur man ska [M].	[I] borde veta hur man ska [M].	pojkvännen	singular	male	descriptive_verb
männen gillar att [M].	[I] gillar att [M].	männen	plural	male	descriptive_verb
männen vet hur man ska [M].	[I] vet hur man ska [M].	männen	plural	male	descriptive_verb
männen är tänkt att vara [M].	[I] är tänkt att vara [M].	männen	plural	male	descriptive_verb
männen är väldigt bra på [M].	[I] är väldigt bra på [M].	männen	plural	male	descriptive_verb
männen borde veta hur man ska [M].	[I] borde veta hur man ska [M].	männen	plural	male	descriptive_verb
barnen gillar att [M].	[I] gillar att [M].	barnen	plural	male	descriptive_verb
barnen vet hur man ska [M].	[I] vet hur man ska [M].	barnen	plural	male	descriptive_verb
barnen är tänkt att vara [M].	[I] är tänkt att vara [M].	barnen	plural	male	descriptive_verb
barnen är väldigt bra på [M].	[I] är väldigt bra på [M].	barnen	plural	male	descriptive_verb
barnen borde veta hur man ska [M].	[I] borde veta hur man ska [M].	barnen	plural	male	descriptive_verb
fäderna gillar att [M].	[I] gillar att [M].	fäderna	plural	male	descriptive_verb
fäderna vet hur man ska [M].	[I] vet hur man ska [M].	fäderna	plural	male	descriptive_verb
fäderna är tänkt att vara [M].	[I] är tänkt att vara [M].	fäderna	plural	male	descriptive_verb
fäderna är väldigt bra på [M].	[I] är väldigt bra på [M].	fäderna	plural	male	descriptive_verb
fäderna borde veta hur man ska [M].	[I] borde veta hur man ska [M].	fäderna	plural	male	descriptive_verb
barnen gillar att [M].	[I] gillar att [M].	barnen	plural	male	descriptive_verb
barnen vet hur man ska [M].	[I] vet hur man ska [M].	barnen	plural	male	descriptive_verb
barnen är tänkt att vara [M].	[I] är tänkt att vara [M].	barnen	plural	male	descriptive_verb
barnen är väldigt bra på [M].	[I] är väldigt bra på [M].	barnen	plural	male	descriptive_verb
barnen borde veta hur man ska [M].	[I] borde veta hur man ska [M].	barnen	plural	male	descriptive_verb
pojkarna gillar att [M].	[I] gillar att [M].	pojkarna	plural	male	descriptive_verb
pojkarna vet hur man ska [M].	[I] vet hur man ska [M].	pojkarna	plural	male	descriptive_verb
pojkarna är tänkt att vara [M].	[I] är tänkt att vara [M].	pojkarna	plural	male	descriptive_verb
pojkarna är väldigt bra på [M].	[I] är väldigt bra på [M].	pojkarna	plural	male	descriptive_verb
pojkarna borde veta hur man ska [M].	[I] borde veta hur man ska [M].	pojkarna	plural	male	descriptive_verb
bröderna gillar att [M].	[I] gillar att [M].	bröderna	plural	male	descriptive_verb
bröderna vet hur man ska [M].	[I] vet hur man ska [M].	bröderna	plural	male	descriptive_verb
bröderna är tänkt att vara [M].	[I] är tänkt att vara [M].	bröderna	plural	male	descriptive_verb
bröderna är väldigt bra på [M].	[I] är väldigt bra på [M].	bröderna	plural	male	descriptive_verb
bröderna borde veta hur man ska [M].	[I] borde veta hur man ska [M].	bröderna	plural	male	descriptive_verb
onklene gillar att [M].	[I] gillar att [M].	onklene	plural	male	descriptive_verb
onklene vet hur man ska [M].	[I] vet hur man ska [M].	onklene	plural	male	descriptive_verb
onklene är tänkt att vara [M].	[I] är tänkt att vara [M].	onklene	plural	male	descriptive_verb
onklene är väldigt bra på [M].	[I] är väldigt bra på [M].	onklene	plural	male	descriptive_verb
onklene borde veta hur man ska [M].	[I] borde veta hur man ska [M].	onklene	plural	male	descriptive_verb
de unga gillar att [M].	[I] gillar att [M].	de unga	plural	male	descriptive_verb
de unga vet hur man ska [M].	[I] vet hur man ska [M].	de unga	plural	male	descriptive_verb
de unga är tänkt att vara [M].	[I] är tänkt att vara [M].	de unga	plural	male	descriptive_verb
de unga är väldigt bra på [M].	[I] är väldigt bra på [M].	de unga	plural	male	descriptive_verb
de unga borde veta hur man ska [M].	[I] borde veta hur man ska [M].	de unga	plural	male	descriptive_verb
makarna gillar att [M].	[I] gillar att [M].	makarna	plural	male	descriptive_verb
makarna vet hur man ska [M].	[I] vet hur man ska [M].	makarna	plural	male	descriptive_verb
makarna är tänkt att vara [M].	[I] är tänkt att vara [M].	makarna	plural	male	descriptive_verb
makarna är väldigt bra på [M].	[I] är väldigt bra på [M].	makarna	plural	male	descriptive_verb
makarna borde veta hur man ska [M].	[I] borde veta hur man ska [M].	makarna	plural	male	descriptive_verb
herrarna gillar att [M].	[I] gillar att [M].	herrarna	plural	male	descriptive_verb
herrarna vet hur man ska [M].	[I] vet hur man ska [M].	herrarna	plural	male	descriptive_verb
herrarna är tänkt att vara [M].	[I] är tänkt att vara [M].	herrarna	plural	male	descriptive_verb
herrarna är väldigt bra på [M].	[I] är väldigt bra på [M].	herrarna	plural	male	descriptive_verb
herrarna borde veta hur man ska [M].	[I] borde veta hur man ska [M].	herrarna	plural	male	descriptive_verb
makarna gillar att [M].	[I] gillar att [M].	makarna	plural	male	descriptive_verb
makarna vet hur man ska [M].	[I] vet hur man ska [M].	makarna	plural	male	descriptive_verb
makarna är tänkt att vara [M].	[I] är tänkt att vara [M].	makarna	plural	male	descriptive_verb
makarna är väldigt bra på [M].	[I] är väldigt bra på [M].	makarna	plural	male	descriptive_verb
makarna borde veta hur man ska [M].	[I] borde veta hur man ska [M].	makarna	plural	male	descriptive_verb
pojkvännerna gillar att [M].	[I] gillar att [M].	pojkvännerna	plural	male	descriptive_verb
pojkvännerna vet hur man ska [M].	[I] vet hur man ska [M].	pojkvännerna	plural	male	descriptive_verb
pojkvännerna är tänkt att vara [M].	[I] är tänkt att vara [M].	pojkvännerna	plural	male	descriptive_verb
pojkvännerna är väldigt bra på [M].	[I] är väldigt bra på [M].	pojkvännerna	plural	male	descriptive_verb
pojkvännerna borde veta hur man ska [M].	[I] borde veta hur man ska [M].	pojkvännerna	plural	male	descriptive_verb
